bild,diktnummer,minnesanteckning,poang_officiell,poang_alla,kommentar,confidence,ovrig_text
P1169219.JPG,1,,4,4,,0.85,Jonas läser dikter
P1169219.JPG,2,,4,4,,0.85,Jonas läser dikter
P1169219.JPG,3,,4,4,,0.8,Jonas läser dikter
P1169219.JPG,4,Doktorn,3,3,lite för snabbt,0.75,Jonas läser dikter
P1169219.JPG,5,,5,5,,0.8,Jonas läser dikter
P1169219.JPG,6,,3,3,,0.8,Jonas läser dikter
P1169219.JPG,7,Recept,4,4,,0.8,Jonas läser dikter
P1169219.JPG,8,Språkpolis,5,5,,0.75,Jonas läser dikter
P1169216.JPG,1,,3,3,,0.85,Jonas läser dikter
P1169216.JPG,2,,3,3,,0.85,Jonas läser dikter
P1169216.JPG,3,,4,4,,0.85,Jonas läser dikter
P1169216.JPG,4,STORM,3,3,,0.8,Jonas läser dikter
P1169216.JPG,5,DOKTORN,4,4,,0.8,Jonas läser dikter
P1169216.JPG,6,VÄNTAN,"4,5","4,5",,0.8,Jonas läser dikter
P1169216.JPG,7,RECEPT,4,4,,0.8,Jonas läser dikter
P1169216.JPG,8,SPRÅK,4,4,,0.8,Jonas läser dikter
P1169215.JPG,1,iSke,4,4,,0.6,Jonas läser dikter
P1169215.JPG,2,Ur Djupshow,3,3,,0.5,Jonas läser dikter
P1169215.JPG,3,Tillkärlek,2,2,,0.5,Jonas läser dikter
P1169215.JPG,4,Experiment,4,4,Spännande,0.5,Jonas läser dikter
P1169215.JPG,5,Doktorn,4,4,,0.6,Jonas läser dikter
P1169215.JPG,6,Vänta,5,5,Bra innehåll,0.5,Jonas läser dikter
P1169215.JPG,7,Tillågning,5,5,Finurlig,0.5,Jonas läser dikter
P1169215.JPG,8,rådgge,5,5,,0.4,Jonas läser dikter
P1169213.JPG,1,,3,3,"Lite för snabbt, rörig",0.5,von Essen Jonas läser dikter
P1169213.JPG,2,,5,5,Jättebra!,0.8,von Essen Jonas läser dikter
P1169213.JPG,3,,5,5,,0.85,von Essen Jonas läser dikter
P1169213.JPG,4,,4,4,,0.85,von Essen Jonas läser dikter
P1169213.JPG,5,God ordtolkt humor,5,5,Rolig,0.55,von Essen Jonas läser dikter
P1169213.JPG,6,"""Väntan""",4,4,Underfundig,0.75,von Essen Jonas läser dikter
P1169213.JPG,7,,4,4,,0.8,von Essen Jonas läser dikter
P1169213.JPG,8,Spök polska,5,5,,0.5,von Essen Jonas läser dikter
P1169218.JPG,1,Poetskog nn,5,5,Fyndig engagerat,0.5,Jonas läser dikter
P1169218.JPG,2,Störtfall,4,4,Fyndig,0.55,Jonas läser dikter
P1169218.JPG,3,djupu,4,4,Fantasi Lustig,0.5,Jonas läser dikter
P1169218.JPG,4,Tale,3,3,,0.6,Jonas läser dikter
P1169218.JPG,5,Operaten,4,4,,0.55,Jonas läser dikter
P1169218.JPG,6,stämm,2,2,,0.5,Jonas läser dikter
P1169218.JPG,7,Du,3,3,,0.6,Jonas läser dikter
P1169218.JPG,8,Språkpolis,5,5,,0.55,Jonas läser dikter
P1169220.JPG,1,Galaxen,4.5,4.5,Helt fantastisk,0.55,Jonas läser dikter
P1169220.JPG,2,Galaxen,4.0,4.0,,0.45,Jonas läser dikter
P1169220.JPG,3,Kärleksdiktet,3.7,3.7,,0.6,Jonas läser dikter
P1169220.JPG,4,Kupé från,4.5,4.5,,0.5,Jonas läser dikter
P1169220.JPG,5,"Doktorn, anthmagt",5,5,,0.45,Jonas läser dikter
P1169220.JPG,6,Linsrenndam,4,4,,0.35,Jonas läser dikter
P1169220.JPG,7,Kecesl,5,5,,0.4,Jonas läser dikter
P1169220.JPG,8,Töfes,5,5,Ordvrickeri,0.35,Jonas läser dikter
P1169217.JPG,1,Slayed,3,3,"Speed, kurva",0.5,Jonas läser dikter
P1169217.JPG,2,Deprehen,3,3,tråd ++,0.4,Jonas läser dikter
P1169217.JPG,3,Måla är,4,4,,0.4,Jonas läser dikter
P1169217.JPG,4,Annerkunter,3,3,kroppen g ttit,0.3,Jonas läser dikter
P1169217.JPG,5,Dde hena,4,4,,0.3,Jonas läser dikter
P1169217.JPG,6,Glad elision här,2,2,,0.4,Jonas läser dikter
P1169217.JPG,7,Recept,3,3,,0.4,Jonas läser dikter
P1169217.JPG,8,språkpolitirs,5,5,,0.3,Jonas läser dikter
P1169214.JPG,1,Skattläraren,3,3,,0.45,Jonas läser dikter
P1169214.JPG,2,ur en dieptsribn,4.5,4.5,Jag kände hur kissnödig personene var,0.35,Jonas läser dikter
P1169214.JPG,3,Wulhmetdaus,5,5,Fantasifull,0.4,Jonas läser dikter
P1169214.JPG,4,Mit Karel stimer,4,4,läser med inlerelse,0.4,Jonas läser dikter
P1169214.JPG,5,bevol has dikta,5,5,"rolig, fyndig, positiv",0.4,Jonas läser dikter
P1169214.JPG,6,utveckling rymkdeläsen dikta,5,5,tolkar den som utvecklingen tills du föddes,0.3,Jonas läser dikter
P1169214.JPG,7,recept,4.5,4.5,Oväntat slut,0.5,Jonas läser dikter
P1169214.JPG,8,Språkplatsen,5,5,ordvitsar,0.55,Jonas läser dikter
P1169224.JPG,1,,3,3,,0.6,Jonas läser dikter
P1169224.JPG,2,,4,4,,0.7,Jonas läser dikter
P1169224.JPG,3,,4,4,,0.7,Jonas läser dikter
P1169224.JPG,4,,"4,5","4,5",,0.6,Jonas läser dikter
P1169224.JPG,5,,"4,5","4,5",,0.6,Jonas läser dikter
P1169224.JPG,6,,5,5,,0.7,Jonas läser dikter
P1169224.JPG,7,,"4,5","4,5",,0.6,Jonas läser dikter
P1169224.JPG,8,,5,5,,0.7,Jonas läser dikter
P1169221.JPG,1,,3,3,,0.9,Jonas läser dikter
P1169221.JPG,2,,4,4,,0.85,Jonas läser dikter
P1169221.JPG,3,,2,2,,0.9,Jonas läser dikter
P1169221.JPG,4,,4,4,,0.9,Jonas läser dikter
P1169221.JPG,5,Enthusiasm,5,5,,0.7,Jonas läser dikter
P1169221.JPG,6,10nksel,4,4,,0.55,Jonas läser dikter
P1169221.JPG,7,,3,3,,0.9,Jonas läser dikter
P1169221.JPG,8,,"4,1","4,1",,0.9,Jonas läser dikter
P1169225.JPG,1,,"3,5","3,5",,0.9,Jonas läser dikter
P1169225.JPG,2,,"4,4","4,4",,0.95,Jonas läser dikter
P1169225.JPG,3,,"4,6","4,6",,0.95,Jonas läser dikter
P1169225.JPG,4,,3,3,svårt att höra vad du sao (ibland),0.75,Jonas läser dikter
P1169225.JPG,5,,"4,8","4,8",underbar!!,0.85,Jonas läser dikter
P1169225.JPG,6,,4,4,,0.95,Jonas läser dikter
P1169225.JPG,7,,"3,25","3,25",,0.9,Jonas läser dikter
P1169225.JPG,8,,5,5,,0.9,Jonas läser dikter
P1169222.JPG,1,Stegklänge,"4,9","4,9",,0.7,Jonas läser dikter
P1169222.JPG,2,Rinneln,3.5,3.5,,0.6,Jonas läser dikter
P1169222.JPG,3,kandidat-Mt,4.0,4.0,,0.5,Jonas läser dikter
P1169222.JPG,4,kannin,4.6,4.6,lite snabbt tal,0.5,Jonas läser dikter
P1169222.JPG,5,Delsim,4.8,4.8,,0.5,Jonas läser dikter
P1169222.JPG,6,,4.95,4.95,,0.6,Jonas läser dikter
P1169222.JPG,7,,4.3,4.3,,0.7,Jonas läser dikter
P1169222.JPG,8,,5,5,,0.5,Jonas läser dikter
P1169228.JPG,1,,3,3,,0.8,Jonas läser dikter
P1169228.JPG,2,,3,3,,0.8,Jonas läser dikter
P1169228.JPG,3,,4,4,,0.8,Jonas läser dikter
P1169228.JPG,4,,4,4,,0.8,Jonas läser dikter
P1169228.JPG,5,,4,4,,0.8,Jonas läser dikter
P1169228.JPG,6,,4,4,,0.8,Jonas läser dikter
P1169228.JPG,7,,4,4,,0.8,Jonas läser dikter
P1169228.JPG,8,,4,4,,0.75,Jonas läser dikter
P1169226.JPG,1,Mannen som förändler,4,4,,0.6,Jonas läser dikter
P1169226.JPG,2,Mannen i huset,4.5,4.5,,0.7,Jonas läser dikter
P1169226.JPG,3,Kärlet o tankar i,4.5,4.5,,0.6,Jonas läser dikter
P1169226.JPG,4,Depressionen,3,3,,0.7,Jonas läser dikter
P1169226.JPG,5,Dotson godartigt humor,5,5,,0.5,Jonas läser dikter
P1169226.JPG,6,Väntar på livet,4,4,,0.7,Jonas läser dikter
P1169226.JPG,7,Väntan,3,3,,0.8,Jonas läser dikter
P1169226.JPG,8,Språkpolis,4.5,4.5,,0.75,Jonas läser dikter
P1169227.JPG,1,slussmål,5,5,,0.7,Jonas läser dikter
P1169227.JPG,2,Rymden,3,3,,0.8,Jonas läser dikter
P1169227.JPG,3,utan arm o tarm,4,4,,0.75,Jonas läser dikter
P1169227.JPG,4,hela havet stormar,3,3,,0.8,Jonas läser dikter
P1169227.JPG,5,hos doktorn,"3,1","3,1",,0.7,Jonas läser dikter
P1169227.JPG,6,jag väntade,"3,2","3,2",,0.75,Jonas läser dikter
P1169227.JPG,7,recept,"3,5","3,5",,0.8,Jonas läser dikter
P1169227.JPG,8,polisen,4,4,,0.8,Jonas läser dikter
P1169223.JPG,1,mycket skön och ordvision,4,4,"skicklig ordvitsar, bra läst",0.45,Jonas läser dikter. Vilken bra föreställning
P1169223.JPG,2,,3,3,fantastiskt att få ihop alla ord till poesi,0.4,Jonas läser dikter. Vilken bra föreställning
P1169223.JPG,3,,4,4,en finstämd dikt,0.45,Jonas läser dikter. Vilken bra föreställning
P1169223.JPG,4,,2,2,för mig lite svår att ta till mig,0.4,Jonas läser dikter. Vilken bra föreställning
P1169223.JPG,5,,5,5,riktig bra dikt.,0.5,Jonas läser dikter. Vilken bra föreställning
P1169223.JPG,6,,3,3,otroligt att få med alla händelser så i en dikt,0.4,Jonas läser dikter. Vilken bra föreställning
P1169223.JPG,7,,4,4,fint recept,0.45,Jonas läser dikter. Vilken bra föreställning
P1169223.JPG,8,,5,5,Måste ses,0.5,Jonas läser dikter. Vilken bra föreställning
P1169229.JPG,1,,3.8,3.8,,0.85,"Jonas läser dikter, sida 1"
P1169229.JPG,2,,3.0,3.0,,0.8,"Jonas läser dikter, sida 1"
P1169229.JPG,3,,4.2,4.2,,0.8,"Jonas läser dikter, sida 1"
P1169229.JPG,4,,3.2,3.2,,0.8,"Jonas läser dikter, sida 1"
P1169229.JPG,5,,4.5,4.5,,0.8,"Jonas läser dikter, sida 1"
P1169229.JPG,6,,2.9,2.9,,0.8,"Jonas läser dikter, sida 1"
P1169229.JPG,7,,2.7,2.7,,0.8,"Jonas läser dikter, sida 1"
P1169229.JPG,8,,4.8,4.8,,0.8,"Jonas läser dikter, sida 1"
P1169231.JPG,1,,5,5,Bra inne-håll,0.8,Jonas läser dikter
P1169231.JPG,2,,4,4,,0.9,Jonas läser dikter
P1169231.JPG,3,,5,5,Rolig.,0.8,Jonas läser dikter
P1169231.JPG,4,,4,4,,0.9,Jonas läser dikter
P1169231.JPG,5,,5,5,,0.9,Jonas läser dikter
P1169231.JPG,6,,5,5,,0.6,Jonas läser dikter
P1169231.JPG,7,,4,4,,0.85,Jonas läser dikter
P1169231.JPG,8,Religiös,5,5,Roligast,0.65,Jonas läser dikter
P1169230.JPG,1,Bla' innehåll,4,4,Vissa partier snabbt,0.6,Jonas läser dikter
P1169230.JPG,2,Yasman,"4,5","4,5",Rolig fast kanske tragisk,0.55,Jonas läser dikter
P1169230.JPG,3,,"4,7","4,7",Roligt fantasifull,0.6,Jonas läser dikter
P1169230.JPG,4,,"4,9","4,9",Många härliga ord i en och samma dikt,0.5,Jonas läser dikter
P1169230.JPG,5,,"4,95","4,95",Rolig,0.55,Jonas läser dikter
P1169230.JPG,6,,"4,95","4,95",Tänkvärd,0.65,Jonas läser dikter
P1169230.JPG,7,,"4,95","4,95",Väldigt fint,0.6,Jonas läser dikter
P1169230.JPG,8,,5,5,Perfekt 'ordbajsare',0.5,Jonas läser dikter
P1169236.JPG,1,,4,4,Lite för snabb,0.5,Jonas läser dikter
P1169236.JPG,2,,4,4,Lite för snabb,0.6,Jonas läser dikter
P1169236.JPG,3,hällde,5,5,,0.3,Jonas läser dikter
P1169236.JPG,4,,3,3,Psykologi,0.6,Jonas läser dikter
P1169236.JPG,5,,4,4,,0.7,Jonas läser dikter
P1169236.JPG,6,,4,4,,0.7,Jonas läser dikter
P1169236.JPG,7,,5,5,,0.7,Jonas läser dikter
P1169236.JPG,8,,5,5,,0.7,Jonas läser dikter
P1169234.JPG,1,,"4,5","4,5",Kärlek,0.8,Jonas läser dikter v
P1169234.JPG,2,,"2,5","2,5",-,0.5,Jonas läser dikter v
P1169234.JPG,3,,5,5,Underbar,0.8,Jonas läser dikter v
P1169234.JPG,4,,3,3,,0.8,Jonas läser dikter v
P1169234.JPG,5,,5,5,Roligt,0.8,Jonas läser dikter v
P1169234.JPG,6,,"4,6","4,6",,0.75,Jonas läser dikter v
P1169234.JPG,7,,"4,3","4,3",,0.75,Jonas läser dikter v
P1169234.JPG,8,,5,5,Riktigt bra,0.7,Jonas läser dikter v
P1169235.JPG,1,,3,3,Bra framförande,0.8,Jonas läser dikter
P1169235.JPG,2,,3.5,3.5,,0.75,Jonas läser dikter
P1169235.JPG,3,,3,3,,0.75,Jonas läser dikter
P1169235.JPG,4,,3.8,3.8,,0.75,Jonas läser dikter
P1169235.JPG,5,,4,4,,0.75,Jonas läser dikter
P1169235.JPG,6,,3,3,,0.75,Jonas läser dikter
P1169235.JPG,7,,3,3,,0.7,Jonas läser dikter
P1169235.JPG,8,Mycket bra,"4,2","4,2",Mycket bra framförande,0.75,Jonas läser dikter
P1169232.JPG,1,Depression,5,5,Bra budskap,0.85,Jonas läser dikter
P1169232.JPG,2,Kärleksdikt,3,3,,0.7,Jonas läser dikter
P1169232.JPG,3,Kärleksdikt,5,5,"Härlig, rolig, speglar stor osäkerhet och vilja",0.75,Jonas läser dikter
P1169232.JPG,4,Positivt ur barnasaga,4,4,"Bra slut, visar barns situation idag",0.75,Jonas läser dikter
P1169232.JPG,5,Sjukdom,3,3,"Bra rim, roligt innehåll",0.75,Jonas läser dikter
P1169232.JPG,6,"Utanför, lavan",5,5,Fantastisk. Hela väntan på att födas,0.55,Jonas läser dikter
P1169232.JPG,7,Positiva förslag,4,4,Bra framfört,0.65,Jonas läser dikter
P1169232.JPG,8,Kriminalitet,5,5,"Vitsigt, fantastiskt framfört",0.7,Jonas läser dikter
P1169233.JPG,1,Tyllefors,3.5,3.5,Rolig,0.6,Jonas läser dikter
P1169233.JPG,2,Kinnakit,4.0,4.0,Roligare,0.5,Jonas läser dikter
P1169233.JPG,3,,4.3,4.3,,0.5,Jonas läser dikter
P1169233.JPG,4,,4.0,4.0,,0.7,Jonas läser dikter
P1169233.JPG,5,,5.0,5.0,,0.7,Jonas läser dikter
P1169233.JPG,6,,4.9,4.9,,0.7,Jonas läser dikter
P1169233.JPG,7,,"3,9","3,9",,0.7,Jonas läser dikter
P1169233.JPG,8,,5.0,5.0,,0.7,Jonas läser dikter
P1169239.JPG,1,Nåt om Götet?,3.8,3.8,,0.5,Jonas läser dikter
P1169239.JPG,2,,3.6,3.6,,0.8,Jonas läser dikter
P1169239.JPG,3,,3.7,3.7,,0.75,Jonas läser dikter
P1169239.JPG,4,,4,4,,0.85,Jonas läser dikter
P1169239.JPG,5,,4.3,4.3,,0.85,Jonas läser dikter
P1169239.JPG,6,,3.5,3.5,,0.8,Jonas läser dikter
P1169239.JPG,7,,3.2,3.2,,0.8,Jonas läser dikter
P1169239.JPG,8,,4.6,4.6,,0.85,Jonas läser dikter
P1169238.JPG,1,Sommar,4,4,Agerar sp vra,0.45,Jonas läser dikter
P1169238.JPG,2,Kär,4,4,Agerar så bra,0.4,Jonas läser dikter
P1169238.JPG,3,Tacle,5,5,,0.35,Jonas läser dikter
P1169238.JPG,4,Harmoni,5,5,,0.4,Jonas läser dikter
P1169238.JPG,5,Fäkte,5,5,Rolig,0.35,Jonas läser dikter
P1169238.JPG,6,nodleno ol,4,4,Tänkvörd,0.3,Jonas läser dikter
P1169238.JPG,7,Fre?,4,4,Så fin,0.35,Jonas läser dikter
P1169238.JPG,8,,5,5,Rolig,0.35,Jonas läser dikter
P1169237.JPG,1,kejlen som vette slåg,4,4,Intressant innehåll,0.5,Jonas läser dikter
P1169237.JPG,2,Cosmos,"3,5","3,5",spännande,0.4,Jonas läser dikter
P1169237.JPG,3,"berättå, återberättning","4,5","4,5",,0.4,Jonas läser dikter
P1169237.JPG,4,hela havet stormade,"3,5","3,5",,0.5,Jonas läser dikter
P1169237.JPG,5,Mrs doktor,5,5,innehållsrik,0.4,Jonas läser dikter
P1169237.JPG,6,Vaufhani,3,3,,0.4,Jonas läser dikter
P1169237.JPG,7,Recept,4,4,,0.5,Jonas läser dikter
P1169237.JPG,8,Reisene,4,4,många roliga inslag,0.4,Jonas läser dikter
P1169242.JPG,1,Slagsmål,4,4,,0.85,Jonas läser dikter
P1169242.JPG,2,Komma ur depression,4,4,,0.8,Jonas läser dikter
P1169242.JPG,3,Delar på vapen,5,5,,0.75,Jonas läser dikter
P1169242.JPG,4,Skolkundom,3,3,,0.7,Jonas läser dikter
P1169242.JPG,5,Dolsborn,5,5,,0.65,Jonas läser dikter
P1169242.JPG,6,Väntan,3,3,,0.8,Jonas läser dikter
P1169242.JPG,7,Recept,3,3,,0.8,Jonas läser dikter
P1169242.JPG,8,Språkpolisen,4,4,,0.85,Jonas läser dikter
P1169240.JPG,1,Dråkdiktet,3,3,,0.7,Jonas läser dikter
P1169240.JPG,2,Sujen kua kan skymtia,4,4,,0.4,Jonas läser dikter
P1169240.JPG,3,"Mälla av dig, inte iden, camperfam",5,5,,0.4,Jonas läser dikter
P1169240.JPG,4,"Strovader, Kysse, Kijoue",4,4,,0.4,Jonas läser dikter
P1169240.JPG,5,Has Doston,5,5,,0.6,Jonas läser dikter
P1169240.JPG,6,Hesferik med Julia,3,3,,0.6,Jonas läser dikter
P1169240.JPG,7,Asterix Mit m. del,3,3,,0.5,Jonas läser dikter
P1169240.JPG,8,Pillsen vid kärnblick,4,4,,0.5,Jonas läser dikter
P1169241.JPG,1,,3,3,,0.95,"Jonas läser dikter, v (rosa), u (gul)"
P1169241.JPG,2,,2,2,,0.9,"Jonas läser dikter, v (rosa), u (gul)"
P1169241.JPG,3,,4,4,,0.95,"Jonas läser dikter, v (rosa), u (gul)"
P1169241.JPG,4,,4,4,,0.95,"Jonas läser dikter, v (rosa), u (gul)"
P1169241.JPG,5,,"4,5","4,5",,0.95,"Jonas läser dikter, v (rosa), u (gul)"
P1169241.JPG,6,,"4,5","4,5",,0.9,"Jonas läser dikter, v (rosa), u (gul)"
P1169241.JPG,7,,4,4,,0.95,"Jonas läser dikter, v (rosa), u (gul)"
P1169241.JPG,8,,5,5,,0.9,"Jonas läser dikter, v (rosa), u (gul)"
P1169243.JPG,1,"Rytm, mingel, kroppslig",3.5,3.5,Bra story,0.5,Jonas läser dikter
P1169243.JPG,2,k..kommer,"2,8","2,8",,0.3,Jonas läser dikter
P1169243.JPG,3,Inspireras hur dyt...,2,2,,0.3,Jonas läser dikter
P1169243.JPG,4,Holis hur se z...mer,3.1,3.1,,0.3,Jonas läser dikter
P1169243.JPG,5,Surrabad hor,4.1,4.1,,0.35,Jonas läser dikter
P1169243.JPG,6,Vit...,4.5,4.5,Bra tempo,0.3,Jonas läser dikter
P1169243.JPG,7,Receptfons,"3,8","3,8",,0.35,Jonas läser dikter
P1169243.JPG,8,Flyktfens,"4,8","4,8",,0.3,Jonas läser dikter
P1169246.JPG,1,,4,4,lite väl fort,0.7,Jonas läser dikter. Kantanteckning: Geniala texter samtliga
P1169246.JPG,2,,4,4,"för fort, KUL",0.5,Jonas läser dikter. Kantanteckning: Geniala texter samtliga
P1169246.JPG,3,,5,5,Bra framförande och betoning,0.5,Jonas läser dikter. Kantanteckning: Geniala texter samtliga
P1169246.JPG,4,,3,3,,0.6,Jonas läser dikter. Kantanteckning: Geniala texter samtliga
P1169246.JPG,5,,5,5,,0.4,Jonas läser dikter. Kantanteckning: Geniala texter samtliga
P1169246.JPG,6,,4,4,,0.6,Jonas läser dikter. Kantanteckning: Geniala texter samtliga
P1169246.JPG,7,,3,3,,0.6,Jonas läser dikter. Kantanteckning: Geniala texter samtliga
P1169246.JPG,8,,4,4,,0.5,Jonas läser dikter. Kantanteckning: Geniala texter samtliga
P1169245.JPG,1,Sluk'poet',5,5,"Överraskande, mycket bra",0.45,Jonas läser dikter
P1169245.JPG,2,Rymdfäret,4,4,Tänkvärd,0.4,Jonas läser dikter
P1169245.JPG,3,Här poet,4,4,Underfundig,0.4,Jonas läser dikter
P1169245.JPG,4,Hela minnet store mig,5,5,Lite ledsam,0.4,Jonas läser dikter
P1169245.JPG,5,Länkeson,"4,2","4,2",Positiv vändning,0.4,Jonas läser dikter
P1169245.JPG,6,Väntmal,4,4,Spännande,0.45,Jonas läser dikter
P1169245.JPG,7,Relefs,4,4,Säger mycket,0.5,Jonas läser dikter
P1169245.JPG,8,Prenimays,"4,8","4,8",Rolig,0.35,Jonas läser dikter
P1169248.JPG,1,,3,3,Lite snabbt på ngt ställe,0.4,Jonas läser dikter
P1169248.JPG,2,,"4,5","4,5",rolig,0.5,Jonas läser dikter
P1169248.JPG,3,,"4,5","4,5",spännande rar,0.4,Jonas läser dikter
P1169248.JPG,4,,4,4,bra slut,0.5,Jonas läser dikter
P1169248.JPG,5,,5,5,Jättemycket humor,0.35,Jonas läser dikter
P1169248.JPG,6,,4,4,Historiskt kunnig,0.4,Jonas läser dikter
P1169248.JPG,7,,4,4,,0.5,Jonas läser dikter
P1169248.JPG,8,,"4,5","4,5",,0.5,Jonas läser dikter
P1169247.JPG,1,Välkänd man,5,5,Annorlunda spänning,0.5,Jonas läser dikter
P1169247.JPG,2,public,"4,5","4,5",,0.5,Jonas läser dikter
P1169247.JPG,3,public,5,5,,0.55,Jonas läser dikter
P1169247.JPG,4,Hela havet stormar!,5,5,"Fantastiskt framförande, Bra story",0.6,Jonas läser dikter
P1169247.JPG,5,Entusiasm,"4,5","4,5",Glädje,0.5,Jonas läser dikter
P1169247.JPG,6,Väntin,5,5,,0.4,Jonas läser dikter
P1169247.JPG,7,Recept,5,5,Bra skådespelare,0.45,Jonas läser dikter
P1169247.JPG,8,Språk-politik,5,5,"Spännande, vilken inlevelse",0.4,Jonas läser dikter
P1169249.JPG,1,Mellody butter,4,4,,0.5,Jonas läser dikter
P1169249.JPG,2,Kvinna a. vl. av depression,3,3,,0.45,Jonas läser dikter
P1169249.JPG,3,Intervju dig,4,4,,0.4,Jonas läser dikter
P1169249.JPG,4,Nanfos från aldrig,2.5,2.5,Lite rörig,0.4,Jonas läser dikter
P1169249.JPG,5,Tar den doktor,5,5,Mkt bra framfört,0.35,Jonas läser dikter
P1169249.JPG,6,"Gladgren, a.34-ama a. hej",4,4,,0.3,Jonas läser dikter
P1169249.JPG,7,Recept,2.5,2.5,Gick fort,0.35,Jonas läser dikter
P1169249.JPG,8,Speie polisel,5,5,Bäst,0.3,Jonas läser dikter
P1169254.JPG,1,,3,3,Du framförde den så inlevelsefullt,0.6,Jonas läser dikter
P1169254.JPG,2,,4,4,,0.85,Jonas läser dikter
P1169254.JPG,3,,5,5,Så fin och rolig dikt,0.75,Jonas läser dikter
P1169254.JPG,4,,4,4,,0.85,Jonas läser dikter
P1169254.JPG,5,,3.5,3.5,,0.8,Jonas läser dikter
P1169254.JPG,6,,3.5,3.5,,0.8,Jonas läser dikter
P1169254.JPG,7,,5,5,,0.8,Jonas läser dikter
P1169254.JPG,8,,5,5,Rolig dikt,0.75,Jonas läser dikter
P1169250.JPG,1,"Stop mani, Valdson, Ond tillställs till, Bra hantning",3,3,,0.4,"Jonas läser dikter
T: [oläsligt]
S: [oläsligt]"
P1169250.JPG,2,"Komma in i depression, Kosmos, nymåne",2,2,,0.5,"Jonas läser dikter
T: [oläsligt]
S: [oläsligt]"
P1169250.JPG,3,"Gallt oraun, Smärtslig, Hoppast bär",4,4,"Fantasifullt med lustigheter, underhållande",0.4,"Jonas läser dikter
T: [oläsligt]
S: [oläsligt]"
P1169250.JPG,4,"Havet storm, Vinaton",3,3,Existensiellt,0.5,"Jonas läser dikter
T: [oläsligt]
S: [oläsligt]"
P1169250.JPG,5,"Ont i magen, hos doktorn, Salen minimering",5,5,"Rolig och Positiv, Häftiga vändningar",0.5,"Jonas läser dikter
T: [oläsligt]
S: [oläsligt]"
P1169250.JPG,6,"Evolutionran, Kroppen Välsig, Armare Naplen",3,3,,0.4,"Jonas läser dikter
T: [oläsligt]
S: [oläsligt]"
P1169250.JPG,7,Recept,3,3,,0.6,"Jonas läser dikter
T: [oläsligt]
S: [oläsligt]"
P1169250.JPG,8,Spegelrum,5,5,,0.5,"Jonas läser dikter
T: [oläsligt]
S: [oläsligt]"
P1169251.JPG,1,Slagtampen,4,4,Spännande – hur ska detta sluta? Bra framförande,0.7,Jonas läser dikter 1-5
P1169251.JPG,2,Strålen,3,3,Spretig,0.7,Jonas läser dikter 1-5
P1169251.JPG,3,Kärleksdikter,5,5,Kreativ Vacker,0.7,Jonas läser dikter 1-5
P1169251.JPG,4,Kuratorsamtal,3,3,Målande,0.75,Jonas läser dikter 1-5
P1169251.JPG,5,Kroppen,5,5,Vill bara att den inte ska ta slut. Berätta mer och mer!,0.7,Jonas läser dikter 1-5
P1169251.JPG,6,Väntan,2,2,,0.8,Jonas läser dikter 1-5
P1169251.JPG,7,Receptet,3,3,,0.8,Jonas läser dikter 1-5
P1169251.JPG,8,Språkpulsen,4,4,,0.75,Jonas läser dikter 1-5
P1169252.JPG,1,,2,2,Finurligt slut,0.7,Jonas läser dikter
P1169252.JPG,2,,2,2,Lite spretigt,0.75,Jonas läser dikter
P1169252.JPG,3,,3,3,Dramatiskt!!,0.7,Jonas läser dikter
P1169252.JPG,4,,4,4,Bra story och slut,0.55,Jonas läser dikter
P1169252.JPG,5,,5,5,"Sammanhållen berättelse, känns bra!",0.65,Jonas läser dikter
P1169252.JPG,6,,2,2,Berättelsen?,0.55,Jonas läser dikter
P1169252.JPG,7,,4,4,"Bra historia, rim och slut",0.4,Jonas läser dikter
P1169252.JPG,8,,5,5,"Fyndig berättelse, bra ordlekar, bra slut",0.7,Jonas läser dikter
P1169253.JPG,1,"känsla teta, medlsuna man","4,7","4,7",Skorrar i mina hörapparater,0.4,Jonas läser dikter
P1169253.JPG,2,upp å kima wll nsellen dig,"4,3","4,3",,0.4,Jonas läser dikter
P1169253.JPG,3,hela av dig,"4,9","4,9",,0.5,Jonas läser dikter
P1169253.JPG,4,Hela havet stormar,"4,1","4,1",,0.6,Jonas läser dikter
P1169253.JPG,5,Eständingen hin ötelniv,"5,0","5,0",,0.3,Jonas läser dikter
P1169253.JPG,6,banden hin öletniv,"3,7","3,7",,0.3,Jonas läser dikter
P1169253.JPG,7,Recept den komma,"3,5","3,5",,0.4,Jonas läser dikter
P1169253.JPG,8,Språk,"4,2","4,2",,0.7,Jonas läser dikter
P1169256.JPG,1,,3,3,,0.8,Jonas läser dikter
P1169256.JPG,2,,2,2,,0.85,Jonas läser dikter
P1169256.JPG,3,,"3,2","3,2",,0.8,Jonas läser dikter
P1169256.JPG,4,,"3,5","3,5",,0.8,Jonas läser dikter
P1169256.JPG,5,,"4,0","4,0",,0.85,Jonas läser dikter
P1169256.JPG,6,,"4,5","4,5",,0.8,Jonas läser dikter
P1169256.JPG,7,,"4,1","4,1",,0.8,Jonas läser dikter
P1169256.JPG,8,,"4,5","4,5",,0.8,Jonas läser dikter
P1169259.JPG,1,,"4,5","4,5",,0.85,Jonas läser dikter
P1169259.JPG,2,,"3,5","3,5",,0.85,Jonas läser dikter
P1169259.JPG,3,,"3,5","3,5",,0.85,Jonas läser dikter
P1169259.JPG,4,,3,3,,0.85,Jonas läser dikter
P1169259.JPG,5,,4,4,,0.85,Jonas läser dikter
P1169259.JPG,6,,"4,5","4,5",,0.85,Jonas läser dikter
P1169259.JPG,7,,"3,5","3,5",,0.85,Jonas läser dikter
P1169259.JPG,8,,"4,5","4,5",,0.85,Jonas läser dikter
P1169255.JPG,1,Poeten /,"4,5","4,5","Härlig lek med ord. Oväntade rader, läs ej för fort",0.45,Jonas läser dikter
P1169255.JPG,2,Depression,"3,7","3,7",,0.4,Jonas läser dikter
P1169255.JPG,3,Håla ögon,"3,9","3,9",Bra läst. Tydligt. Blir glad över det oväntade.,0.4,Jonas läser dikter
P1169255.JPG,4,Kuransen / bron,"4,0","4,0",Annorlunda än de andra tre. Fascineras ändå.,0.4,Jonas läser dikter
P1169255.JPG,5,Delben / Säg,"4,1","4,1",Växte,0.4,Jonas läser dikter
P1169255.JPG,6,Udulrat Tunnel/Lio,"3,9","3,9","Rösten lite ansträngd, trött",0.35,Jonas läser dikter
P1169255.JPG,7,Re capt,"4,9","4,9",Gillade ditt sätt att läsa dikten. Gillade receptet.,0.35,Jonas läser dikter
P1169255.JPG,8,Spralipolis,"4,3","4,3",Gillade temat med ordklasser.,0.5,Jonas läser dikter
P1169257.JPG,1,man mtr i buse,3,3,lite snabbt tidvis,0.55,Jonas läser dikter
P1169257.JPG,2,Mjöqvt,"3,7","3,7",,0.45,Jonas läser dikter
P1169257.JPG,3,Mjöqvt,"3,8","3,8",,0.45,Jonas läser dikter
P1169257.JPG,4,och tursnic hela kropp eförn,"3,8","3,8",,0.4,Jonas läser dikter
P1169257.JPG,5,Dok hva,"3,9","3,9",,0.45,Jonas läser dikter
P1169257.JPG,6,Vänbu-,4,4,,0.5,Jonas läser dikter
P1169257.JPG,7,kreqpt,4,4,,0.4,Jonas läser dikter
P1169257.JPG,8,Språkarts,"4,1","4,1",,0.45,Jonas läser dikter
P1169258.JPG,1,GÄLLET,"3,8","3,8",FÖR SNABBT IBLAND,0.75,Jonas läser dikter
P1169258.JPG,2,UFO STJÄRNTU,"4,2","4,2",,0.6,Jonas läser dikter
P1169258.JPG,3,IHOPPLÖST KÄR,"4,4","4,4",,0.65,Jonas läser dikter
P1169258.JPG,4,HELA HAVET STORMAR,"3,5","3,5",,0.8,Jonas läser dikter
P1169258.JPG,5,ONT I MAGEN,"4,6","4,6",,0.8,Jonas läser dikter
P1169258.JPG,6,UNIVERSUM,"4,0","4,0",,0.75,Jonas läser dikter
P1169258.JPG,7,MATRECEPT,"3,8","3,8",Kortare,0.75,Jonas läser dikter
P1169258.JPG,8,SPRÅKPOLIS,"4,4","4,4",,0.7,Jonas läser dikter
P1169261.JPG,1,"Fröjda äpplen-cider, mun
hemma man",4,4,Bra associationer,0.6,"Jonas läser dikter
Poeten shan"
P1169261.JPG,2,utphstion ufo,2,2,väldig fantasi,0.55,"Jonas läser dikter
Poeten shan"
P1169261.JPG,3,malt av,2,2,,0.5,"Jonas läser dikter
Poeten shan"
P1169261.JPG,4,hela havet stormar,1,1,Svårbedömd rörig,0.6,"Jonas läser dikter
Poeten shan"
P1169261.JPG,5,ont i magen,4,4,,0.45,"Jonas läser dikter
Poeten shan"
P1169261.JPG,6,'jordens fjubse',3,3,underfundig,0.45,"Jonas läser dikter
Poeten shan"
P1169261.JPG,7,Recept,2,2,,0.5,"Jonas läser dikter
Poeten shan"
P1169261.JPG,8,Späk persen,5,5,Mkt underfundig med en portion sanning,0.55,"Jonas läser dikter
Poeten shan"
P1169260.JPG,1,berosadman blommor slö hjot Muckapräln post,4,4,Överraskande slut – lite svårt att höra allt,0.55,Poetry Slam CCC framförande rökt-ennt / Jonas läser dikter
P1169260.JPG,2,Uppe Kissar Ufo,"3,5","3,5",,0.7,Poetry Slam CCC framförande rökt-ennt / Jonas läser dikter
P1169260.JPG,3,Hila av ögen blev instrument musik dikt målning,5,5,,0.65,Poetry Slam CCC framförande rökt-ennt / Jonas läser dikter
P1169260.JPG,4,exist. ångest hela havet barn olika lekar,"3,7","3,7",Barnperspektiv!,0.6,Poetry Slam CCC framförande rökt-ennt / Jonas läser dikter
P1169260.JPG,5,Doktorn människor i kroppen,"4,7","4,7",Entusiasm Frihet,0.7,Poetry Slam CCC framförande rökt-ennt / Jonas läser dikter
P1169260.JPG,6,Historisk expose Födelse,"4,8","4,8",,0.55,Poetry Slam CCC framförande rökt-ennt / Jonas läser dikter
P1169260.JPG,7,Recept Universum Nebulosor,"3,2","3,2",,0.6,Poetry Slam CCC framförande rökt-ennt / Jonas läser dikter
P1169260.JPG,8,Språkpolisen Grammatik,3,3,,0.7,Poetry Slam CCC framförande rökt-ennt / Jonas läser dikter
P1169262.JPG,1,note mellan han / mote mellan han,4.3,4.3,Härligt fartfyllt! Ngt fort framfört,0.4,Jonas läser dikter / (namn i övre hörn: möjligen 'Cockburn' eller liknande)
P1169262.JPG,2,Attligs beslut i dlemmer / Nättligs beslut i dilemmen,"2,2","2,2",Lite otydligt ibland men roligt!,0.4,Jonas läser dikter / (namn i övre hörn: möjligen 'Cockburn' eller liknande)
P1169262.JPG,3,Kärlesfost på öldduls / Kärleksfost på öldduls,2,2,Nja,0.45,Jonas läser dikter / (namn i övre hörn: möjligen 'Cockburn' eller liknande)
P1169262.JPG,4,,1.5,1.5,?,0.5,Jonas läser dikter / (namn i övre hörn: möjligen 'Cockburn' eller liknande)
P1169262.JPG,5,sklearlbesle på wagbesar / på wagbesar,"2,3","2,3",Roliga tankar,0.4,Jonas läser dikter / (namn i övre hörn: möjligen 'Cockburn' eller liknande)
P1169262.JPG,6,Vaultan ill ellipskey clotes / hitsresa,4.0,4.0,En intressant livsresa,0.4,Jonas läser dikter / (namn i övre hörn: möjligen 'Cockburn' eller liknande)
P1169262.JPG,7,Recep på klarelogi / klartologi,2,2,,0.35,Jonas läser dikter / (namn i övre hörn: möjligen 'Cockburn' eller liknande)
P1169262.JPG,8,tapet on tåkiga / Spice police,4.5,4.5,"Roligt och tydligt framfört på dialekt, kul",0.4,Jonas läser dikter / (namn i övre hörn: möjligen 'Cockburn' eller liknande)
